memberable_type,memberable_id,role,user_id,created_at
Labs\Company\Entities\Company,1,owner,1,2021-11-22 12:27:59
Labs\Company\Entities\Company,2,owner,2,2021-11-22 12:27:59
Labs\Company\Entities\Company,3,owner,3,2021-11-22 12:27:59
Labs\Company\Entities\Company,4,owner,5,2022-01-03 07:11:33
Labs\Company\Entities\Company,5,owner,6,2022-01-03 10:06:35
Labs\Company\Entities\Company,6,owner,7,2022-01-06 21:26:04
Labs\Company\Entities\Company,7,owner,8,2022-01-10 16:23:41
Labs\Company\Entities\Company,8,owner,9,2022-01-10 16:39:50
Labs\Company\Entities\Company,9,owner,10,2022-01-11 10:52:14
Labs\Company\Entities\Company,10,owner,11,2022-01-11 12:12:59
Labs\Company\Entities\Company,11,owner,12,2022-01-11 12:21:23
Labs\Company\Entities\Company,12,owner,13,2022-01-11 13:02:54
Labs\Company\Entities\Company,13,owner,14,2022-01-11 13:06:53
Labs\Company\Entities\Company,14,owner,15,2022-01-11 15:01:34
Labs\Company\Entities\Company,15,owner,16,2022-01-11 15:05:34
Labs\Company\Entities\Company,16,owner,17,2022-01-11 15:13:27
Labs\Company\Entities\Company,17,owner,18,2022-01-11 15:46:30
Labs\Company\Entities\Company,18,owner,19,2022-01-11 15:54:35
Labs\Company\Entities\Company,19,owner,20,2022-01-11 22:43:43
Labs\Company\Entities\Company,20,owner,21,2022-01-11 22:48:40
Labs\Company\Entities\Company,21,owner,22,2022-01-11 23:33:50
Labs\Company\Entities\Company,22,owner,23,2022-01-12 03:31:24
Labs\Company\Entities\Company,23,owner,24,2022-01-12 03:48:16
Labs\Company\Entities\Company,24,owner,25,2022-01-12 04:17:41
Labs\Company\Entities\Company,25,owner,26,2022-01-12 05:02:02
Labs\Company\Entities\Company,26,owner,27,2022-01-12 07:44:45
Labs\Company\Entities\Company,27,owner,28,2022-01-12 07:59:20
Labs\Company\Entities\Company,28,owner,29,2022-01-12 10:34:00
Labs\Company\Entities\Company,29,owner,30,2022-01-13 07:46:02
Labs\Company\Entities\Company,30,owner,31,2022-01-13 08:55:30
Labs\Company\Entities\Company,31,owner,32,2022-01-16 07:21:24
Labs\Company\Entities\Company,32,owner,33,2022-01-19 05:28:08
Labs\Company\Entities\Company,33,owner,34,2022-01-19 05:37:29
Labs\Company\Entities\Company,34,owner,35,2022-01-19 05:46:50
Labs\Company\Entities\Company,35,owner,36,2022-01-20 07:43:23
Labs\Company\Entities\Company,36,owner,37,2022-01-22 07:00:42
Labs\Company\Entities\Company,37,owner,38,2022-01-23 12:19:50
Labs\Company\Entities\Company,38,owner,39,2022-01-31 15:16:55
Labs\Company\Entities\Company,39,owner,40,2022-02-01 16:08:53
Labs\Company\Entities\Company,40,owner,41,2022-02-04 06:03:54
Labs\Company\Entities\Company,41,owner,42,2022-02-07 01:49:30
Labs\Company\Entities\Company,42,owner,43,2022-02-14 08:04:11
Labs\Company\Entities\Company,43,owner,44,2022-02-15 14:21:10
Labs\Company\Entities\Company,44,owner,45,2022-02-17 01:13:18
Labs\Company\Entities\Company,45,owner,46,2022-02-28 03:42:31
Labs\Company\Entities\Company,46,owner,47,2022-03-03 12:35:01
Labs\Company\Entities\Company,47,owner,48,2022-03-04 06:10:06
Labs\Company\Entities\Company,48,owner,49,2022-03-04 13:23:46
Labs\Company\Entities\Company,49,owner,50,2022-03-05 17:17:04
Labs\Company\Entities\Company,50,owner,51,2022-03-07 09:27:39
Labs\Company\Entities\Company,51,owner,52,2022-03-07 14:07:18
Labs\Company\Entities\Company,52,owner,53,2022-03-07 14:19:33
Labs\Company\Entities\Company,53,owner,54,2022-03-11 05:55:33
Labs\Company\Entities\Company,54,owner,56,2022-03-14 09:54:18
Labs\Company\Entities\Company,55,owner,57,2022-03-16 00:41:45
Labs\Company\Entities\Company,56,owner,58,2022-03-16 04:44:07
Labs\Company\Entities\Company,57,owner,60,2022-03-17 08:06:21
Labs\Company\Entities\Company,58,owner,61,2022-03-17 10:18:39
Labs\Company\Entities\Company,59,owner,63,2022-03-18 04:47:32
Labs\Company\Entities\Company,60,owner,64,2022-03-18 06:35:23
Labs\Company\Entities\Company,61,owner,65,2022-03-18 08:25:35
Labs\Company\Entities\Company,62,owner,68,2022-03-22 12:30:04
Labs\Company\Entities\Company,63,owner,55,2022-03-31 06:34:05
Labs\Company\Entities\Company,64,owner,71,2022-05-11 04:35:52
Labs\Company\Entities\Company,65,owner,72,2022-05-11 05:55:46
Labs\Company\Entities\Company,66,owner,74,2022-05-11 06:45:40
Labs\Company\Entities\Company,67,owner,76,2022-05-21 14:12:49
Labs\Company\Entities\Company,68,owner,77,2022-05-26 04:52:40
Labs\Company\Entities\Company,69,owner,79,2022-06-10 04:31:34
Labs\Company\Entities\Company,70,owner,80,2022-06-10 07:07:22
Labs\Company\Entities\Company,71,owner,81,2022-06-15 08:10:56
Labs\Company\Entities\Company,72,owner,82,2022-06-15 08:47:09
Labs\Company\Entities\Company,73,owner,83,2022-06-15 08:47:46
Labs\Company\Entities\Company,74,owner,84,2022-06-17 06:47:59
Labs\Company\Entities\Company,75,owner,85,2022-06-21 04:59:30
Labs\Company\Entities\Company,76,owner,86,2022-06-22 02:10:45
Labs\Company\Entities\Company,77,owner,87,2022-06-27 06:55:23
Labs\Company\Entities\Company,78,owner,88,2022-06-28 03:42:37
Labs\Company\Entities\Company,79,owner,89,2022-07-01 00:05:10
Labs\Company\Entities\Company,80,owner,90,2022-07-07 04:06:13
Labs\Company\Entities\Company,81,owner,91,2022-07-11 07:11:42
Labs\Company\Entities\Company,82,owner,92,2022-07-21 07:01:43
Labs\Company\Entities\Company,83,owner,93,2022-08-02 06:36:26
Labs\Company\Entities\Company,84,owner,94,2022-08-10 20:31:10
Labs\Company\Entities\Company,85,owner,95,2022-08-23 10:58:12
Labs\Company\Entities\Company,86,owner,96,2022-11-24 05:32:41
Labs\Company\Entities\Company,87,owner,78,2023-09-18 06:32:46
